{"cameraMode":{"drawMode":0,"name":"Shaded","section":"Shading Mode"},"sceneLighting":true,"audioPlay":false,"sceneViewState":{"showFog":true,"showMaterialUpdate":false,"showSkybox":true,"showFlares":true,"showImageEffects":true,"showParticleSystems":true},"in2DMode":false,"pivot":{"x":-5.793248176574707,"y":34.962921142578128,"z":-31.302509307861329},"rotation":{"x":0.2524993121623993,"y":-0.12296580523252487,"z":0.032369326800107959,"w":0.9592058062553406},"size":68.56166076660156,"orthographic":false}