{"cameraMode":{"drawMode":0,"name":"Shaded","section":"Shading Mode"},"sceneLighting":true,"audioPlay":false,"sceneViewState":{"showFog":true,"showMaterialUpdate":false,"showSkybox":true,"showFlares":true,"showImageEffects":true,"showParticleSystems":true},"in2DMode":false,"pivot":{"x":0.4754161834716797,"y":5.541093826293945,"z":-98.6273422241211},"rotation":{"x":0.01589735597372055,"y":0.004499498754739761,"z":-0.00007158637163229287,"w":0.9998635053634644},"size":34.45904541015625,"orthographic":true}